Price, Link, Image Link 
Price:  US$40.00
https://www.depop.com/products/onewithoutname-vintage-1996-atlanta-olympics-polo/
Price:  US$45.00
https://www.depop.com/products/eternaltrendnj-vintage-1996-atlanta-olympics-shirt/
Price:  US$35.00
https://www.depop.com/products/ismostash-vintage-champion-olympics-atlanta-shirt/
Price:  US$25.00
https://www.depop.com/products/vtg_sellings-vintage-single-stitch-1995-chemistry/
Price:  US$20.00
https://www.depop.com/products/imbaysik-vintage-usa-olympics-navy-shirt/
Price:  US$15.00
https://www.depop.com/products/jdays_vintage-vintage-90s-single-stitch-olympics/
Price:  US$8.00
https://www.depop.com/products/nikoselski-jamaican-flag-olympics-t-shirt-excellent-fc44/
Price:  US$15.00
https://www.depop.com/products/crackmanclarke-vintage-olympics-shirt-in-great/
Price:  US$50.00
https://www.depop.com/products/ny-vintage-96-atlanta-olympics-polo/
Price:  US$45.00
https://www.depop.com/products/tangibletags-vintage-70s-california-police-olympics/
Price:  US$20.00
https://www.depop.com/products/kingxwill-1994-atlanta-olympics-t-shirt-vintage/
Price:  US$10.00
https://www.depop.com/products/kirapixie-usa-olympics-shirt-new-without/
Price:  US$30.00
https://www.depop.com/products/shopemptyhanger-vintage-1996-atlanta-olympics-t-shirt/
Price:  US$29.70
https://www.depop.com/products/zodiona-vintage-y2k-sidney-australia-2000/
Price:  US$26.00
https://www.depop.com/products/unsurfacedvtg-champion-usa-olympics-polo-shirt/
Price:  US$48.00
https://www.depop.com/products/dustydetroit-vintage-y2k-australia-olympics-shirt/
Price:  US$60.00
https://www.depop.com/products/cys_vintage-rare-vintage-1996-atl/
Price:  US$22.00
https://www.depop.com/products/dustydetroit-vintage-90s-special-olympics-shirt/
Price:  US$45.00
https://www.depop.com/products/hyghlyt-1996-atlanta-olympic-games-t/
Price:  US$18.00
https://www.depop.com/products/yonealz-vintage-atlanta-1996-olympics-polo-495e/
Price:  US$100.00
https://www.depop.com/products/thevintagehooper-deadstock-1998-olympics-shirt-fits/
Price:  US$30.00
https://www.depop.com/products/newkidvtg-vintage-80s-adidas-summer-league/
Price:  US$25.00
https://www.depop.com/products/floridathriftman-vintage-1996-atlanta-olympics-shirt/
Price:  US$25.00
https://www.depop.com/products/newkidvtg-vintage-atlanta-1996-olympics-shirt/
